City,Country,Region,Carrier company,Customer-Supplier company,Companies Traders,Cargo type,Paper specific,Delivery type
Enns,Austria,Europe,AMD,Adiprima,Sandra Sheimann,1.01 - Mixed paper and board,Wastepaper,NOR
Aalesund,Norway,Europe,APL,AKPOL,VIPA GREECE,1.02 - Mixed papers and board (sorted),Wastepaper,40'HC
Aarhus,Denmark,Europe,Arkas,AlterVita,Global Trading,1.03 - Grey board.,Wastepaper,40'DC
Aarhus,Denmark,Europe,ASECO SIA,BJC Cellox,VIPA GREECE,1.04 – OCC,Wastepaper,Truck
Aarhus,Denmark,Europe,Baltic Shipping,Bolton,VIPA UK,1.05 / #12 – OCC,Wastepaper,Rail
Ahrensburg,Germany,Europe,Baltic Trans Line,Buchmann,VIPA Switherland,1.06 - Unsold magazines,Wastepaper,45'
Alkmaar,Holland,Europe,BellaVita,Bumresurs,Global Trading,1.06.01 - Unsold magazines without glue,Wastepaper,
Alytus,Lithuania,Europe,BWD Traffic,CARAUSTAR,N/A,1.07 - Telephone Books,Wastepaper,
Alytus,Lithuania,Europe,BWD Traffic,THAI MILL,VIPA GREECE,1.08 - Mixed newspapers and magazines 50/50,Wastepaper,
Ambarli,Turkey,Europe,CARTRAG,CAS Paper,VIPA GREECE,"A mixture of newspapers and magazines, containing a minimum of 50% of newspapers, with or without glue.",Wastepaper,
Amsterdam,Holland,Asia,CF&S,Century,VIPA GREECE,1.09 - Mixed newspapers and magazines >60% NP,Wastepaper,
Anapa,Russia,Europe,CMA-CGM,CleanR Spilves,Edward Berjoza,"A mixture of newspapers and magazines, containing a minimum of 60% of newspapers, with or without glue.",Wastepaper,
Annweiler,Germany,Russia,CMA-CGM,CleanR Hoetika,Edward Berjoza,1.10 - Mixed magazines and newspapers >60% MG,Wastepaper,
Annweiler,Germany,Europe,Containerships,COMPRA,Łukasz Lutoborski,1.11- Sorted graphic paper for deinking / #7 ISRI,Wastepaper,
Antwerp,Belgium,Europe,Cosco,Corenso,Karolis Pupinis,2.01 - Newspapers / #8 - #9 ISRI,Wastepaper,
Antwerp,Belgium,Europe,Credo Trans,Corona,Global Trading,2.02 - Unsold newspapers,Wastepaper,
Arkhangelsk,Russia,Europe,Customs Logistics,CORRUGATOS,Juan Quintero,"2.02.01 - Unsold newspapers, no flexographic printing allowed",Wastepaper,
Asenovgrad,Bulgaria,Russia,DHL,CPM Trading SIA,Ivan Dotsenko,2.03 / ISRI #45 - Lightly printed white shavings,Wastepaper,
Ashdod,Israel,Europe,DHL LV,Cycle Link,VIPA GREECE,2.03.01 / ISRI #45 - Lightly printed white shavings without glue,Wastepaper,
Asuncion,Paraguay,Europe,DHL RU,Dinamo,Global Trading,2.04 / ISRI #46 - Heavily printed white shavings,Wastepaper,
Athens,Greece,Latam,DSV,DS Smith,VIPA UK,2.04.01 / ISRI #46 - Heavily printed white shavings without glue,Wastepaper,
Bandar Abbas,Iran,Greece,Egesten,Eco Baltija,Edward Berjoza,2.05 / #37 - Sorted office paper ISRI,Wastepaper,
Bangkok,Thailand,Asia,Evergreen,EcoComplex,Global Trading,2.06 - SBS / Coloured letters,Wastepaper,
Barcelona,Spain,Asia,Evergreen NOVO,Eko Iso,Edward Berjoza,2.07 - White woodfree books,Wastepaper,
Barranquilla,Colombia,Europe,Fercam,EcoBaltResurs,Global Trading,2.08 - Coloured woodfree magazines,Wastepaper,
Barszczówka,Poland,Latam,Fortuvia,Ecopress,Global Trading,2.11 - Other PE-coated board,Wastepaper,
Barszczówka,Poland,Europe,General SHipping,Ecoservice UAB,Karolis Pupinis,2.12 - Mechanical pulp based computer print-out,Wastepaper,
Bataysk,Russia,Europe,Globeway,EcoSistema,Global Trading,3.01 - Mixed lightly coloured printers shavings,Wastepaper,
Belgrade,Serbia,Russia,Globeway,Eesti Keskko,Edward Berjoza,3.02 - Mixed lightly coloured woodfree printer shavings,Wastepaper,
Bergen,Norway,Europe,GNS,Ekobaze SIA,Karolis Pupinis,3.03 - Woodfree binders,Wastepaper,
Bergen,Norway,Europe,Greencarrier,Ekobaze UAB,Karolis Pupinis,3.04 - Tear white shavings,Wastepaper,
Berlin,Germany,Europe,HÄUPL,Essity,Karolis Pupinis,3.05 - SWL / White woodfree letters,Wastepaper,
Binh Duong,Vietnam,Europe,Hamburg Sud,Galangal SIA,Edward Berjoza,3.06 - White business forms,Wastepaper,
Binh Duong,Vietnam,Asia,Hapag,General EM,VIPA ROTTERDAM,3.07 - White woodfree computer print-out,Wastepaper,
Bremen,Germany,Europe,HÄUPL,Globodera,VIPA GREECE,3.08 - Printed bleached sulphate board,Wastepaper,
Bremerhaven,Germany,Europe,HÄUPL,Gofre Baltija,Edward Berjoza,3.09 - Lightly printed bleached sulphate board,Wastepaper,
Brzeziny,Poland,Europe,ILLOGIC SIA,Granules,Karolis Pupinis,3.10 - Multi printing,Wastepaper,
Brzeziny,Poland,Europe,Intensivnik,Grigeo,Karolis Pupinis,3.11 - White heavily printed multiply board,Wastepaper,
Budapest,Hungary,Europe,Itella,Grigeo Grigiskes,Karolis Pupinis,3.12 - White lightly printed multiply board,Wastepaper,
Buenos Aires,Argentina,Europe,Keystone,GTsOO,Global Trading,3.13 - White unprinted multiply board,Wastepaper,
Burgas,Bulgaria,Latam,KoTrans,GVG,VIPA INDIA,3.14 - White newsprint,,
Busan,Korea,Europe,Kuehne+Nagel,HARIKRISHNA,VIPA INDIA,SS 304,Wastepaper,
Cai Mep,Vietnam,Asia,Kuehne+Nagel,Hermes Recycling PL,Nikolay Kudryashov,3.15 - White mechanical pulp based coated and uncoated paper,Wastepaper,
Callao,Peru,Asia,LKW,HUNG HA,VIPA GREECE,3.14 - White newsprint,Wastepaper,
Cartagena,Colombia,Latam,Maersk,IFCO,Nikolay Kudryashov,3.15 - White mechanical pulp based coated and uncoated paper,Wastepaper,
Cartagena,Colombia,Latam,Mann Lines,InterTrade,Global Trading,3.15.01 - White mechanical pulp based paper containing coated paper,Wastepaper,
Cartagena,Colombia,Latam,Maritina LV,IP Mazolevskaya,Global Trading,"3.16 - White woodfree coated paper, without glue",Wastepaper,
Cassino,Italy,Latam,Maritinia LT,ISTOK 52,Global Trading,3.17 - White shavings,Wastepaper,
Caucedo,Dominican Republic,Europe,MCT Shipping,Italmaceri,VIPA ITALY,3.18 - White woodfree shavings,Wastepaper,
Cesis,Latvia,Latam,Modul,Jordan Polymers,Edward Berjoza,3.18.01 - White woodfree uncoated shavings,Wastepaper,
Utzenstorf,Switzerland,Europe,,Juglas Papirs,Edward Berjoza,3.19 - Unprinted bleached sulphate board,Wastepaper,
Chiwan,China,Europe,Mohill,KartonSan,VIPA GREECE,4.01 - New shavings of corrugated board,Wastepaper,
CMP,China,Asia,MSC,Kristec,Karolis Pupinis,4.01.01- Unused corrugated kraft,Wastepaper,
Copenhagen,Denmark,Asia,MSC,Lautus,Edward Berjoza,4.01.02 - Unused corrugating material,Wastepaper,
Coronel,Chile,Europe,National Service,Lenzing,VIPA ROTTERDAM,4.02 - Used corrugated kraft I,Wastepaper,
Da Nang,Vietnam,Latam,National Service,LOBO,Łukasz Lutoborski,4.03 - Used corrugated kraft II,Wastepaper,
Dammam,Saudi Arabia,Asia,Navicon,LODGIANA,VIPA ITALY,4.04 - Used kraft sacks,Wastepaper,
Denmark,Denmark,Asia,Navicon,LOOBO,VIPA ITALY,4.04.01- Used kraft sacks with polycoated papers,Wastepaper,
Dmitrov,Russia,Europe,Neo-Logistic,MAD Recycling,Karolis Pupinis,4.05 - Unused kraft sacks,Wastepaper,
Doetinchem,Holland,Russia,Neo-Logistic,Mainetti,VIPA ROTTERDAM,4.05.01- Unused kraft sacks with polycoated papers,Wastepaper,
Eerbek,Holland,Europe,Neo-Logistic,MMK,Global Trading,4.06 - Used kraft,Wastepaper,
Drachten,Holland,Europe,Norlaima,MUDA,VIPA UK,4.07 - New kraft,Wastepaper,
Drammen,Norway,Europe,Novosealand,Aprel,Global Trading,4.08 - New carrier kraft,Wastepaper,
Drammen,Norway,Europe,OOCL,OÜ Vaitorg,Edward Berjoza,5.01 - Mixed recovered paper and board,Wastepaper,
Dublin,Ireland,Europe,Parus Logistics,PAPER EM,N/A,5.02 - Mixed packaging,Wastepaper,
Duenas,Spain,Europe,Parus Logistics,Paperinkerays,Karolis Pupinis,5.03 - Liquid board packaging,Wastepaper,
Düren,Germany,Europe,PL Trans,Parry,VIPA UK,5.04 - Wrapper kraft,Wastepaper,
Binh Duong,Vietnam,Europe,Railship,Pearce,VIPA UK,5.05 - Wet labels,Wastepaper,
Düren,Germany,Asia,Rechdan,Piter Servise,Global Trading,5.06 - Unprinted white wet- strength woodfree papers,Wastepaper,
Eerbek,Holland,Europe,RelayOnShipping,PPZP,Global Trading,5.07 - Printed white wet-strength woodfree papers,Plastic,
Eerbek,Holland,Europe,Ruscon,Pride,Global Trading,LDPE 98/2,Plastic,
Eerbek,Holland,Europe,Rusmarine,Printerwaste,VIPA UK,LDPE 95/5,Plastic,
Enderby,UK,Europe,Safe Shipping,Prod Equad,Nikolay Kudryashov,LDPE 90/10,Plastic,
Enns,Austria,Europe,Samskip,Ragn-Sells EST,Edward Berjoza,PET clear,Plastic,
Estonia,Estonia,Europe,Savino,Ragn-Sells LV,Edward Berjoza,PET mix,Plastic,
Felixstowe,UK,Europe,Savino del Bene,Ragn-Sells SWE,Karolis Pupinis,LDPE Clear,Plastic,
Felixstowe,UK,Europe,Seaexpress,Rangolee,VIPA SWITZERLAND,PP Big Bags,Plastic,
Finland,Finland,Europe,SEAGO,Rauch,Nikolay Kudryashov,PP Buckets,Wastepaper,
Fos sur Mer,France,Europe,Sealand,Repapers,Nikolay Kudryashov,5.08 - Cores / Edges,Plastic,
Raon l’Etape,France,Europe,Seamax,RetroPlast (EkoPerdir),Karolis Pupinis,LDPE MIX,Plastic,
Rocquancourt,France,Europe,SKTAVTO,RETURA,Anders Rosenlund,Black&White LDPE,Plastic,
Raon l’Etape,France,Europe,SKTINT,Rigas Piena,Edward Berjoza,Medicine Plastic Bottles,Plastic,
Fredericia,Denmark,Europe,Steveco,RIVER,VIPA USA,Blue Eden Caps,Wastepaper,
Fredericia,Denmark,Europe,Unifeeder,RP Pakend,Edward Berjoza,5.14 - Unused paper cups and other tableware,Wastepaper,
Fredrikstad,Norway,Europe,VR,RRK,Global Trading,5.13.00 - unused kraft sacks with plastic layer papers,Wastepaper,
Fredrikstad,Norway,Europe,WoodChartering,RusRecycling,Global Trading,"5.13.01 - unused kraft sacks with
plastic layer papers and
poly liners",Wastepaper,
Frohnleiten,Austria,Europe,X Logistics,RusPaper,Global Trading,"5.12 - used kraft sacks with
plastic layer papers",Wastepaper,
Frohnleiten,Austria,Europe,CMA-CGM,RVP,Global Trading,5.11.00 - blister pack,Wastepaper,
Fusa,Norway,Europe,TLSC,SCR Recycling PL,Łukasz Lutoborski,5.10.00 - printed white envelope,Wastepaper,
Fusa,Norway,Europe,Willi Betz,Sinay,Global Trading,5.10.01 - mixed envelopes,Wastepaper,
Gaevle,Sweden,Europe,ONE,Smurfit,VIPA SWITZERLAND,5.09.00- carbonless copy paper (NCR),Metal,
Gdansk,Poland,Europe,SEAGO,Somlita,Edward Berjoza,UBC,Board,
Gdansk,Poland,Europe,Itella,Sonoco Alcore FI,Karolis Pupinis,Tissue,Board,
Gdansk / Gdynia,Poland,Europe,Formag,Sorepa,Nikolay Kudryashov,Fluting / Rolls,Board,
Gdansk,Poland,Europe,Elmetrans,SPK,VIPA ROTTERDAM,Testliner / Rolls,Wastepaper,
Gdansk / Gdynia,Poland,Europe,Trans A,Stena Recycling PL,Łukasz Lutoborski,1.11- Sorted graphic paper for deinking / #8 ISRI,Metal,
Gebze,Turkey,Europe,Grusped,Stena Recycling SW,Karolis Pupinis,Alu Litho Plates,Board,
Gebze,Turkey,Europe,Galaka,Stora Enso Varkaus,Karolis Pupinis,Newsprint / Rolls,Wastepaper,
Gemlik,Turkey,Europe,NS Logistic,SUEZ SW,Karolis Pupinis,1.05 – OCC,Wastepaper,
Genoa,Italy,Europe,GK Avtoinvest,Surpapel,Nikolay Kudryashov,2.01 - Newspapers,Wastepaper,
Genoa,Italy,Europe,Cosco,TEP,Global Trading,2.05 - Sorted office paper,Wastepaper,
Giershagen,Germany,Europe,Banasiak,TGM Environmental,VIPA UK,2.03.01- Lightly printed white shavings without glue,Wastepaper,
Giershagen,Germany,Europe,Woojin,Thai Cane,VIPA GREECE,2.04.01- Heavily printed white shavings without glue,Plastic,
Gliwice,Poland,Europe,Ardos,Trevigiano,VIPA ITALY,PP/PET,Wastepaper,
Gliwice,Poland,Europe,Gruber,UNDEFINED,N/A,3.12 - CEK,Wastepaper,
Goryachiy Kluch,Russia,Europe,Nurminen,Unibol,Gonzalo Garcia,2.03 - Lightly printed white shavings,Wastepaper,
Goryachiy Kluch,Russia,Russia,Baltreiss,UPM,Karolis Pupinis,2.04 - Heavily printed white shavings,Metal,
Gothenburg,Sweden,Russia,Alina,Utilization Paper,Global Trading,aluminium cans,Wastepaper,
Gothenburg,Sweden,Europe,Hegelmann,UVI SPB,Global Trading,1.05 – OCC / #11 ISRI,Wastepaper,
Guayaquil,Ecuador,Europe,Fixemer,VEKTOR,Global Trading,1.02 - Mixed papers and board (sorted),Board,
Gwangyang,Korea,Latam,FMS-Logistics,VIPA BDuong,VIPA GREECE,KLB,Plastic,
Haarlem,Holland,Asia,Corcel LTD,VIPA CHINA,VIPA CHINA,LDPE crushed,Plastic,
Haifa,Israel,Europe,Badis,VIPA GERMANY,VIPA SWITZERLAND,LDPE cans,Plastic,
Haiphong,Vietnam,Europe,Trans A,VIPA GWN,VIPA GWN,LDPE crushed vials,,
Haldia,India,Asia,Novomarine,VIPA HAZ,VIPA HAZ,none,,
Halmstad,Sweden,Asia,Baltika Trans,VIPA HCM,VIPA HCM,,,
Halmstad,Sweden,Europe,Nordic Spedition,VIPA HP,VIPA HP,,,
Hamburg,Germany,Europe,Skona,VIPA IND,VIPA INDIA,,,
Hamburg,Germany,Europe,Panalpina,VIPA IT,VIPA ITALY,,,
Hamburg,Germany,Europe,Locmex,VIPA LKR,VIPA LKR,,,
Hameenlinna,Finland,Europe,Overseas Freight (EMC RU),VIPA MUN,VIPA MUN,,,
Hasselroth,Germany,Europe,Marshall,VIPA NL,VIPA ROTTERDAM,,,
Hazira,India,Europe,GTS,VIPA PK,VIPA PK,,,
Heimdal,Norway,Asia,TOL,VIPA TH,VIPA TH,,,
Helsinborg,Sweden,Europe,FMS USA,VIPA TW,VIPA TW,,,
Helsinborg,Sweden,Europe,Panama Recycling,VIPA UK,VIPA UK,,,
Helsinborg,Sweden,Europe,ZIM USA,VIPA VN,VIPA VN,,,
Helsingor,Denmark,Europe,Arkas,VLT SIA,Edward Berjoza,,,
Helsinki,Finland,Europe,Perez y Cia,VtorResurs,Global Trading,,,
Helsinki,Finland,Europe,Maduro,Werrowool,Edward Berjoza,,,
Ho Chi Minh,Vietnam,Europe,Proherus,Zalais Cikls,Edward Berjoza,,,
Ho Chi Minh,Vietnam,Asia,Gileya,Zemgales Eko,Edward Berjoza,,,
Hong Kong,Hong Kong,Asia,Vlantana,Zhidachev PP,Ivan Dotsenko,,,
Hyltebruk,Sweden,Asia,Wan Hai,Bumresurs LLC,Global Trading,,,
Ipswich,UK,Europe,N/A,N/A,N/A,,,
Iskenderun,Turkey,Europe,Hileya,ORA,Nikolay Kudryashov,,,
Istanbul,Turkey,Europe,MAG,Silverton,VIPA INDIA,,,
Istanbul,Turkey,Europe,Transports24,Meenu,VIPA INDIA,,,
Itapoa,Brazil,Europe,TV Logistics,Sirko,Global Trading,,,
Izmail,Ukraine,Latam,Rohlig SUUS,SZMK,Global Trading,,,
Izmit,Turkey,Europe,BFI,CBM,VIPA ROTTERDAM,,,
Izmit,Turkey,Europe,IP Kazakevich,Mainetti,VIPA ITALY,,,
Izmit,Turkey,Europe,TV Logistic,YFY,VIPA GREECE,,,
Jakarta,Indonesia,Europe,GTN Guatemala,Jeonju,VIPA GREECE,,,
Jebel Ali,UAE,Asia,EUROPIIR LOGISTICS,Herlig SIA,Edward Berjoza,,,
Jeddah,Saudi Arabia,Asia,Yangming,Ekovir OÜ,Edward Berjoza,,,
Jelgava,Latvia,Asia,Miil OÜ,ArkhivServisRegion,Global Trading,,,
Jelgava,Latvia,Europe,TV Logistics,AvtoPrestizh,T&M,,,
Kaipola,Finland,Europe,MD-Logistics,T&M,VIPA USA,,,
Kaliningrad,Russia,Europe,Utransas,CBM,VIPA ROTTERDAM,,,
Kaohsiung,Taiwan,Russia,Seaboard Marine,IP Kuchko,Global Trading,,,
Kaohsiung,Taiwan,Asia,CTR,Khors,Global Trading,,,
Karachi,Pakistan,Asia,Marfret,Packmil,Global Trading,,,
Karhula,Finland,Asia,EULAG,Pakerin,VIPA GREECE,,,
Kassel,Germany,Europe,UKRINFORMTREID,LAMSON,VIPA GREECE,,,
Kattupalli,India,Europe,Sealand Liquids,Encore,Karolis Pupinis,,,
Kaunas,Lithuania,Asia,Metodo AS,MINH HUNG,VIPA GREECE,,,
Kaunas,Lithuania,Europe,MAG,MEPCO,VIPA INDIA,,,
Keelung,Taiwan,Europe,Galangal,Ching Mei,VIPA GREECE,,,
Kekava,Latvia,Asia,Vervo,Tipco,VIPA GREECE,,,
Kielce,Poland,Europe,Argo,Thai Hiep Hung,VIPA GREECE,,,
King Abdullah,Saudi Arabia,Europe,All Logistics A/S,Muc Son,VIPA GREECE,,,
Klaipeda,Lithuania,Asia,UAB ESLALIS,Marius Pedersen DK,Nikolay Kudryashov,,,
Klaipeda,Lithuania,Europe,ZAKLAD PRO,Foxx Recycling Poland,Łukasz Lutoborski,,,
Khlong Toei,Thailand,Europe,Dedal SP.,Sita UK,VIPA UK,,,
Kobe,Japan,Asia,K7 Logistic,Eastern Recycling,VIPA USA,,,
Koipola,Finland,Asia,LLC FOURPL,Fifth Discipline,VIPA GREECE,,,
Kolding,Denmark,Europe,Grabski Sp.,Modern Karton,VIPA GREECE,,,
Kolding,Denmark,Europe,ARGOS-AVTO,EuroVtorTrans,Global Trading,,,
Kommunar,Russia,Europe,SHAR TRANS,SELKASAN,VIPA GREECE,,,
Koronowo,Poland,Russia,SIMEX TRANSPORT,PAP-RECO,Łukasz Lutoborski,,,
Koronowo,Poland,Europe,M&C ECO PAPER,Krishna MO,VIPA GREECE,,,
Kostheim,Germany,Europe,ACL,Inpaecsa,Nikolay Kudryashov,,,
Kotka,Finland,Europe,Gyemant SRL,PratoLungo,VIPA ITALY,,,
Krasnodar,Russia,Europe,ZIM,JOP,N/A,,,
Krapkowice,Poland,Russia,Goznak,United,VIPA GREECE,,,
Krasnodar,Russia,Europe,Vervo,Potok-K,Global Trading,,,
Kristiansand,Norway,Russia,FABRYKA PA,Krona Rec,Global Trading,,,
Kristiansand,Norway,Europe,DFDS,Ecotrade PTZ,VIPA GREECE,,,
Kumport,Turkey,Europe,CCH,Stora Enso Poland,Łukasz Lutoborski,,,
Kuusankoski,Finland,Europe,BM Eurotrans,Vtorma,Global Trading,,,
Kuvshinovo,Russia,Europe,Sea Connect,Sredereja SIA,Edward Berjoza,,,
Gwangyang,Korea,Russia,Eagle Trans,OÜ Vanapaber,Edward Berjoza,,,
La Spezia,Italy,Asia,Trans KEY,SIAM,VIPA GREECE,,,
Laem Chabang,Thailand,Europe,UNIBOARD,IP Urosov,Global Trading,,,
Lahti,Finland,Asia,CHERKASSYVT,IP Vorobyev,Global Trading,,,
Larvik,Norway,Europe,,Vladkarton,Global Trading,,,
Larvik,Norway,Europe,,MD Investment,Ivan Dotsenko,,,
Lat Krabang,Thailand,Europe,,Kartontol,Global Trading,,,
Lat Krabang,Thailand,Asia,,IPI,VIPA GREECE,,,
Le Havre,France,Asia,,Swamigutta,VIPA INDIA,,,
Leipzig,Germany,Europe,,TSK Timsan,Global Trading,,,
Leixoes,Portugal,Europe,,TsVR,Global Trading,,,
Leixoes,Portugal,Europe,,MIR,Global Trading,,,
Lenzing,Austria,Europe,,EcoLab,Global Trading,,,
Lermontov,Russia,Europe,,Volga-Resurs,Global Trading,,,
Limasol,Cyprus,Russia,,Makulaturnaya Kompaniya,Global Trading,,,
Linz,Austria,Europe,,Leins,VIPA SWITZERLAND,,,
Lithuania,Lithuania,Europe,,Gayatrisha,VIPA INDIA,,,
Livorno,Italy,Europe,,GRUPO CORP,Nikolay Kudryashov,,,
Lodz,Poland,Europe,,TEZOL,VIPA GREECE,,,
London,UK,Europe,,ALVIS,Łukasz Lutoborski,,,
Lubeck,Germany,Europe,,MARFLEX,Łukasz Lutoborski,,,
Lublin,Poland,Europe,,PenzaVtorSyryo,Global Trading,,,
Lucca,Italy,Europe,,Epic,Global Trading,,,
Maaloey,Norway,Europe,,Ekonovus,Karolis Pupinis,,,
Maardu,Estonia,Europe,,kommunar,Global Trading,,,
Mainz,Germany,Europe,,Viborg,Global Trading,,,
Mainz,Germany,Europe,,Sonoco Alcore GR,VIPA GREECE,,,
Malmo,Sweden,Europe,,Plasta UAB,Karolis Pupinis,,,
Malmo,Sweden,Europe,,Familia Columbia,Nikolay Kudryashov,,,
Manila,Philippines,Europe,,FMS USA,VIPA USA,,,
Mantta,Finland,Latam,,Cartopel,Nikolay Kudryashov,,,
Mantta,Finland,Europe,,Empressa Galinda,Juan Quintero,,,
Mantta,Finland,Europe,,Panama Recycling,Juan Quintero,,,
Mantta,Finland,Europe,,Astron,VIPA INDIA,,,
Manzanillo,Panama,Europe,,Sopanusa,VIPA GREECE,,,
Mariestad,Sweden,Latam,,EcologiyaRB,Global Trading,,,
Mariestad,Sweden,Europe,,Barnett Corporation,VIPA USA,,,
Marsaxlokk,Malta,Europe,,Global Trading,Global Trading,,,
Marsberg,Germany,Europe,,Okulovka,Global Trading,,,
Marum,Holland,Europe,,Plastic Chips,Karolis Pupinis,,,
Maykop,Russia,Europe,,Key Waste,VIPA GREECE,,,
Mersin,Turkey,Russia,,Familia Ecuador,Nikolay Kudryashov,,,
Mersin,Turkey,Europe,,Panasa Ecuador,Nikolay Kudryashov,,,
Midlands,UK,Europe,,Goznak,Edward Berjoza,,,
Mombasa,Kenya,Europe,,Familia Colombia,Nikolay Kudryashov,,,
Montevideo,Uruguay,UK,,IP Barashkova,Global Trading,,,
Moscow,Russia,Latam,,Hoang Van,VIPA GREECE,,,
Moscow,Russia,Russia,,EvroVtorTrans,Global Trading,,,
Moss,Norway,Russia,,IP Guryanova,Global Trading,,,
Moss,Norway,Europe,,EcoIndustriya,Global Trading,,,
Mundra,India,Europe,,Balticfloc,Edward Berjoza,,,
Munich,Germany,Asia,,Cappla,Juan Quintero,,,
Naestved,Denmark,Europe,,Metalnevases,Nikolay Kudryashov,,,
Naestved,Denmark,Europe,,Cartorama,Nikolay Kudryashov,,,
Napoli,Italy,Europe,,Repro-PET,Karolis Pupinis,,,
Napoli,Italy,Europe,,PET Baltija,Edward Berjoza,,,
Navegantes,Brazil,Europe,,WRYCZA,Łukasz Lutoborski,,,
North Europe,North Europe,Latam,,VtorSiryo Grozniy,Global Trading,,,
Nhava Sheva,India,Europe,,Plasteco,VIPA GREECE,,,
Nhava Sheva,India,Asia,,Pioneer,VIPA USA,,,
Niemce,Poland,Asia,,Greif,VIPA USA,,,
Ningbo,China,Europe,,4th Generation,VIPA USA,,,
Nokia,Finland,Asia,,Suchi,VIPA INDIA,,,
Norresunby,Denmark,Europe,,Rhin,VIPA SWITZERLAND,,,
Norresunby,Denmark,Europe,,Recimetal,Juan Quintero,,,
Norrkoeping,Sweden,Europe,,Van Rumpt,Nikolay Kudryashov,,,
Norway,Norway,Europe,,Ekorema,Karolis Pupinis,,,
Norwich,UK,Europe,,Eko Partner,Karolis Pupinis,,,
Novorossiysk,Russia,Europe,,Maldis,Karolis Pupinis,,,
Novorossiysk,Russia,Russia,,CHANDARIA,VIPA GREECE,,,
Odessa,Ukraine,Russia,,Nordic Plast,Edward Berjoza,,,
Ogre,Latvia,Europe,,Genus,VIPA INDIA,,,
Olaine,Latvia,Europe,,Makro Profit Kompani,Global Trading,,,
Olaine,Latvia,Europe,,VSA Vilnius,Karolis Pupinis,,,
Orkanger,Norway,Europe,,Tehri,VIPA INDIA,,,
Orkanger,Norway,Europe,,Ecoprom Penza,Global Trading,,,
Osaka,Japan,Europe,,Marius Pedersen CZ,Karolis Pupinis,,,
Oslo,Norway,Asia,,Marius Pedersen SK,Karolis Pupinis,,,
Oslo,Norway,Europe,,Raduga,Global Trading,,,
Ostroleka,Poland,Europe,,DONG A BAC,VIPA GREECE,,,
Ostroleka,Poland,Europe,,Viet My Ma,VIPA GREECE,,,
Oulu,Finland,Europe,,IP Dilenyan,Global Trading,,,
Paldiski,Estonia,Europe,,Boston,VIPA USA,,,
Paranagua,Brazil,Europe,,Antrocelas,Karolis Pupinis,,,
Parnu,Estonia,Latam,,Maaden,Chris Pineau,,,
Penang,Malaysia,Europe,,Novelis AG,Chris Pineau,,,
Petrozavodsk,Russia,Asia,,Odpady-Expert,Łukasz Lutoborski,,,
Piła,Poland,Russia,,Cartiere Chiesa,VIPA ITALY,,,
Piła,Poland,Europe,,ROWE,VIPA SWITZERLAND,,,
Piraeus,Greece,Europe,,Kimberly Clark,Nikolay Kudryashov,,,
Piraeus,Greece,Europe,,IP Starikov,Global Trading,,,
Piraeus,Greece,Europe,,ICELL,Karolis Pupinis,,,
Warsaw,Poland,Europe,,Papeles Y Metales,Juan Quintero,,,
Stare Kurowo,Poland,Europe,,DONG HAI,VIPA GREECE,,,
Swiecie,Poland,Europe,,Paper Corea,VIPA GREECE,,,
Pori,Finland,Europe,,Cartones America,Gonzalo Garcia,,,
Port Klang,Malaysia,Europe,,Key Waste,VIPA GREECE,,,
Port Klang,Malaysia,Asia,,Almadar,VIPA ROTTERDAM,,,
Port Qasim,Pakistan,Asia,,Ragn-Sells DK,Nikolay Kudryashov,,,
Porto,Portugal,Asia,,Stena DK,Nikolay Kudryashov,,,
Puerto Cortes,Honduras,Europe,,Monteleone,VIPA USA,,,
Puerto Limon,Costa Rica,Latam,,Paradise Recycling Curacao,Nikolay Kudryashov,,,
Port Qasim,Pakistan,Latam,,Green AF,Juan Quintero,,,
Qingdao,China,Asia,,Vinapack,Karolis Pupinis,,,
Ramenskoye,Russia,Asia,,Certified,VIPA USA,,,
Randers,Denmark,Russia,,Varaka,VIPA GREECE,,,
Raon l’Etape,France,Europe,,RetroPET,Karolis Pupinis,,,
Raon l’Etape,France,Europe,,Area,VIPA GREECE,,,
Rauma,Finland,Europe,,Dragonseas,VIPA GREECE,,,
Riga,Latvia,Europe,,TWK ZAG,Łukasz Lutoborski,,,
Riga,Latvia,Europe,,Aryan,VIPA INDIA,,,
Riga,Latvia,Europe,,Greif,VIPA USA,,,
Rio Grande,Brazil,Europe,,WPC,VIPA USA,,,
Rostov-on-Don,Russia,Latam,,International Paper,VIPA USA,,,
Rotterdam,Holland,Russia,,Barracuda,VIPA GREECE,,,
Rotterdam,Holland,Europe,,Tal El Co.,VIPA GREECE,,,
Rotterdam,Holland,Europe,,N&V,VIPA USA,,,
Salvador,Brazil,Europe,,AllAmerica,VIPA USA,,,
San Antonio,Chile,Latam,,Great NF,VIPA USA,,,
San Vicente,Chile,Latam,,Albertin,Edward Berjoza,,,
Santa Giustina Bellunese,Italy,Latam,,Nixin,VIPA GREECE,,,
Santiago,Chile,Europe,,Alas Doradas,Nikolay Kudryashov,,,
Santiago,Chile,Latam,,IP Bavina,Global Trading,,,
Santo Tomas de Castilla,Guatemala,Latam,,Metsa Tissue Sweden,Karolis Pupinis,,,
Santos,Brazil,Latam,,THANH DUNG,VIPA GREECE,,,
Szczecin,Poland,Latam,,Georgetown,VIPA USA,,,
Setubal,Portugal,Europe,,Zhytomyr,Ivan Dotsenko,,,
Shakhty,Russia,Europe,,GLOBAL UAB,Karolis Pupinis,,,
Shanghai,China,Russia,,Atol,Łukasz Lutoborski,,,
Shekou,China,Asia,,Hamburger PL,Łukasz Lutoborski,,,
Siauilai,Lithuania,Asia,,Skup PL,Karolis Pupinis,,,
Siauilai,Lithuania,Europe,,Service Corea,VIPA GREECE,,,
Siemianowice Śląskie,Poland,Europe,,Albertin,Edward Berjoza,,,
Siemianowice Śląskie,Poland,Europe,,FCC CZ,Karolis Pupinis,,,
Siemianowice Śląskie,Poland,Europe,,UVI Moscow,Global Trading,,,
Singapore,Singapore,Europe,,Colombiana Tissue,Nikolay Kudryashov,,,
Slavyansk-na-Kubani,Russia,Asia,,Weidmann,VIPA SWITZERLAND,,,
Soedertaelje,Sweden,Russia,,Orkos EST,Edward Berjoza,,,
Sofia,Bulgaria,Europe,,Han-Pol,Łukasz Lutoborski,,,
Spremberg,Germany,Europe,,Tribune Recycling,Nikolay Kudryashov,,,
St. Albans,UK,Europe,,Danfiber DK,Nikolay Kudryashov,,,
St Petersburg,Russia,Europe,,Comrec,VIPA SWITZERLAND,,,
St Petersburg,Russia,Russia,,Safeshred,VIPA USA,,,
St Petersburg,Russia,Russia,,Paper Stoc,VIPA USA,,,
St. Albans,UK,Russia,,COMOLSA,Nikolay Kudryashov,,,
St Petersburg,Russia,Europe,,Velaris,Juan Quintero,,,
St. Albans,UK,Russia,,Econis,VIPA SWITZERLAND,,,
Stare Kurowo,Poland,Europe,,Spartak,Edward Berjoza,,,
Stare Kurowo,Poland,Europe,,Papeles Regionales,Nikolay Kudryashov,,,
Stare Kurowo,Poland,Europe,,Corrugadora,Juan Quintero,,,
Stavanger,Norway,Europe,,Maruti,VIPA INDIA,,,
Stavanger,Norway,Europe,,Piemonte,VIPA ITALY,,,
Stavropol,Russia,Europe,,Saica,VIPA SWITZERLAND,,,
Stockholm,Sweden,Russia,,Villar Guillen,VIPA ROTTERDAM,,,
Subic,Philippines,Europe,,Star Kraft,VIPA INDIA,,,
Surabaya,Indonesia,Asia,,Vtorma UA,Ivan Dotsenko,,,
Svetogorsk,Russia,Asia,,FIBRAS DE NICARAGUA,Juan Quintero,,,
Swarzedz,Poland,Russia,,Paswara,VIPA INDIA,,,
Swarzedz,Poland,Europe,,Galateya,Nikolay Kudryashov,,,
Świecie,Poland,Europe,,UkrMetStil,Ivan Dotsenko,,,
Świecie,Poland,Europe,,Gangotri,VIPA INDIA,,,
Świecie,Poland,Europe,,Maruti,VIPA INDIA,,,
Świecie,Poland,Europe,,Sol Hurt,Łukasz Lutoborski,,,
Szczecin,Poland,Europe,,MacAlians,Global Trading,,,
Szczecin,Poland,Europe,,TOTAL-SORT,Łukasz Lutoborski,,,
Taichung,Taiwan,Europe,,Makpol,Karolis Pupinis,,,
Taipei,Taiwan,Asia,,Zberne,Karolis Pupinis,,,
Taiwan,Taiwan,Asia,,Eurokey PL,Łukasz Lutoborski,,,
Tallinn,Estonia,Asia,,Waste Eco Service,Ivan Dotsenko,,,
Tallinn,Estonia,Europe,,ELDA,VIPA ROTTERDAM,,,
Tallinn,Estonia,Europe,,CBP,VIPA ROTTERDAM,,,
Tallinn,Estonia,Europe,,Procarsa,Nikolay Kudryashov,,,
Taoyuan,Taiwan,Europe,,Zhelezniy Mir,Global Trading,,,
Taoyuan,Taiwan,Asia,,P.M.R. KFT,Karolis Pupinis,,,
Tartu,Estonia,Asia,,IP Uspenskaya,Global Trading,,,
Teesport,UK,Europe,,Latin-Pack,Global Trading,,,
Tekirdag,Turkey,Europe,,Hamburger SK,Karolis Pupinis,,,
Tekirdag,Turkey,Europe,,EPV,Global Trading,,,
Thamesport,UK,Europe,,Volga,Global Trading,,,
Thessaloniki,Greece,Europe,,Vtormet-garant,Global Trading,,,
Tianjin,China,Europe,,Metalcarta,VIPA ROTTERDAM,,,
Togliatti,Russia,Asia,,Funding,VIPA USA,,,
Tokyo,Japan,Russia,,National P,VIPA UK,,,
Tonsburg,Norway,Asia,,NER Recycling,VIPA ROTTERDAM,,,
Transiidikeskuse,Estonia,Europe,,Martinez Cano Canarias,VIPA ITALY,,,
Trieste,Italy,Europe,,Accoil,VIPA UK,,,
Tronsberg,Norway,Europe,,Bell Multi Kraft,VIPA INDIA,,,
Trondheim,Norway,Europe,,BIOKOM,Karolis Pupinis,,,
Trondheim,Norway,Europe,,Karjalan Paperi,Karolis Pupinis,,,
Tronsberg,Norway,Europe,,IP Baev,Global Trading,,,
Tuapse,Russia,Europe,,Alyans,Global Trading,,,
Turku,Finland,Russia,,Madex (AVANCE),Juan Quintero,,,
Tuticorin,India,Europe,,BIFFA,VIPA UK,,,
Valmiera,Latvia,Asia,,VIRIDOR RE,VIPA UK,,,
Valparaiso,Chile,Europe,,LEIPA,VIPA INDIA,,,
Vantaa,Finland,Latam,,Global Business DR,Juan Quintero,,,
Varkaus,Finland,Europe,,IP Skvorcov,Global Trading,,,
Varna,Finland,Europe,,WWG,VIPA INDIA,,,
Warsaw,Poland,Europe,,FPC,Gonzalo Garcia,,,
Veliko Tarnovo,Bulgaria,Europe,,Essex,VIPA UK,,,
Venice,Italy,Europe,,Reciclaje Global,Gonzalo Garcia,,,
Venice,Italy,Europe,,Rubezhnoye,Ivan Dotsenko,,,
Veracruz,Mexico,Europe,,Cartones Ponderosa,Gonzalo Garcia,,,
Verona,Italy,Latam,,Recuperadora de Carton S.A. de C.V.,Juan Quintero,,,
Viljandi,Estonia,Europe,,SLOVPAPER RECYCLING,Łukasz Lutoborski,,,
Jaroslaw,Poland,Europe,,Hamburger DE,VIPA SWITZERLAND,,,
Vilnius,Lithuania,Europe,,VALORIZACIONES VILAR GUILLEN,VIPA ROTTERDAM,,,
Vilnius,Lithuania,Europe,,Amreco,Nikolay Kudryashov,,,
Vilnius,Lithuania,Europe,,Reciroca,Juan Quintero,,,
Vitoria,Brazil,Europe,,Molpack Panama,Gonzalo Garcia,,,
Vilnius,Lithuania,Latam,,DACD Metal,Juan Quintero,,,
Wognum,Netherlands,Europe,,JV IS Recycling,VIPA GREECE,,,
Volgograd,Russia,Europe,,Benassi,VIPA ITALY,,,
Volzhsk,Russia,Russia,,Delnegro,VIPA ITALY,,,
Warsaw,Poland,Russia,,GP Harmon,VIPA USA,,,
Wognum,Netherlands,Europe,,Solarz,VIPA ROTTERDAM,,,
Aalborg,Denmark,Europe,,Melosch,VIPA SWITZERLAND,,,
Wroclaw,Poland,Europe,,Smurfit DR,Juan Quintero,,,
Wroclaw,Netherlands,Europe,,Reciclaje Del Norte,Gonzalo Garcia,,,
Xiamen,China,Europe,,Hartmann,Karolis Pupinis,,,
Xingang,China,Asia,,Pronatura,Gonzalo Garcia,,,
Yantian,China,Asia,,S-FIRMA,Karolis Pupinis,,,
Yokohama,Japan,Asia,,Europaper,VIPA ITALY,,,
Zagreb,Croatia,Asia,,Recicla Costa Rica,Gonzalo Garcia,,,
Zgierz,Poland,Europe,,Kipas,VIPA GREECE,,,
Zhapu,China,Asia,,Evergreen SK,Karolis Pupinis,,,
Zhidachev,Ukraine,Europe,,USLUGI,Łukasz Lutoborski,,,
Zhidachev,Ukraine,Europe,,Ecogas Aruba,Nikolay Kudryashov,,,
Zhongshan,China,Europe,,Best Paper Mills,VIPA INDIA,,,
Zilina,Slovakia,Asia,,CARPA,VIPA ROTTERDAM,,,
Zielona Gora,Poland,Europe,,KT Investment,VIPA GREECE,,,
Copenhagen,Denmark,Europe,,Lastik,Karolis Pupinis,,,
Barszczówka,Poland,Europe,,Green VI,VIPA GREECE,,,
Karlstadt,Germany,Europe,,Hydro Aluminium,Chris Pineau,,,
Siauliai,Lithuania,Europe,,MAD CZ,Karolis Pupinis,,,
Daugavpils,Latvia,Europe,,CPG Chicago,VIPA USA,,,
Orebro,Sweden,Europe,,SURYAANS P,VIPA INDIA,,,
Cluj,Romania,Europe,,MALUPAPER,VIPA INDIA,,,
Brigadiru,Romania,Europe,,Llorens,VIPA ROTTERDAM,,,
San Juan Opico,El Salvador,Europe,,MAREN MARA,VIPA GREECE,,,
New York,United States,Latam,,SRIPATHI 1,VIPA INDIA,,,
Bydgoszcz,Poland,USA,,Rua Papel,VIPA ROTTERDAM,,,
Antsla,Estonia,Europe,,Remond,VIPA SWITZERLAND,,,
Chentelham,UK,Europe,,Carl F AB,Karolis Pupinis,,,
Bilcza,Poland,Europe,,Grupa Tom,Karolis Pupinis,,,
Kavlinge,Sweden,Europe,,Veolia,Karolis Pupinis,,,
Karlstad,Sweden,Europe,,Poninka,Ivan Dotsenko,,,
Paterek,Poland,Europe,,Nikita,Ivan Dotsenko,,,
St. Albans,UK,Europe,,Izmail,Ivan Dotsenko,,,
Corby,UK,Europe,,AN BINH PA,VIPA GREECE,,,
Southampton,UK,Europe,,Remondis Germany,VIPA SWITZERLAND,,,
Luton,UK,Europe,,CDIF,VIPA ROTTERDAM,,,
Blackburn,UK,Europe,,"TOUHOU BUSSAN AND CO., LTD",VIPA GREECE,,,
Birmingham,UK,Europe,,Garg Duplex,VIPA GREECE,,,
Enderby,UK,Europe,,Clean World,Global Trading,,,
Milton Keyness,UK,Europe,,Generation Recycling,Juan Quintero,,,
Tamworth,UK,Europe,,JAATMETE,Edward Berjoza,,,
Lubin,Poland,Europe,,Renewi,VIPA ROTTERDAM,,,
Neuss,Germany,Europe,,SRIPATHI,VIPA INDIA,,,
Gernsbach,Germany,Europe,,Lutsk,Ivan Dotsenko,,,
Gioia Tauro,Italy,Europe,,WEST COAST WASTE,Gonzalo Garcia,,,
Palermo,Italy,Europe,,Tomakovka,Ivan Dotsenko,,,
Catania,Italy,Europe,,"
ASIA HONOU",VIPA GREECE,,,
Ravenna,Italy,Europe,,VIRGINIJUS,Karolis Pupinis,,,
Charlton,UK,Europe,,HAMBURGER RO,VIPA GREECE,,,
Erith,UK,Europe,,PAPER AND BOARD,VIPA GREECE,,,
Romsey,UK,Europe,,Dilar,Global Trading,,,
Norwich,UK,Europe,,SIDDHEINDU,VIPA INDIA,,,
Potters Bar,UK,Europe,,PSM,Karolis Pupinis,,,
Leicester,UK,Europe,,NRAGARWAL,VIPA INDIA,,,
Luton,UK,Europe,,GALAXY PAP,VIPA INDIA,,,
Halifax,UK,Europe,,"COMERCIALIZADORA DE CARTON Y PAPEL, S.A.",Juan Quintero,,,
Stafford,UK,Europe,,Recuperadora de Carton T&M; S.A. de C.V.,Juan Quintero,,,
Tampere,Finland,Europe,,ASUNCORP,Gonzalo Garcia,,,
Kalna,Estonia,Europe,,Pulp Mill,Global Trading,,,
Kiiu,Estonia,Europe,,GTown,VIPA USA,,,
Parnu,Estonia,Europe,,ELVALHALCOR,VIPA GREECE,,,
Margonin,Poland,Europe,,EcoTech Aruba,Nikolay Kudryashov,,,
Jonkoping,Sweden,Europe,,Papeles de Cauca,Gonzalo Garcia,,,
Hogdalen,Sweden,Europe,,Colombiana Moldeados,Gonzalo Garcia,,,
Cere,Latvia,Europe,,ASHOKA PUL,VIPA INDIA,,,
Astorp,Sweden,Europe,,PANASA COLOMBIA,Gonzalo Garcia,,,
Collodi,Italy,Europe,,Essity Mexico,Gonzalo Garcia,,,
Viinikkala,Finland,Europe,,BOJ,VIPA ROTTERDAM,,,
Diemelstadt,Germany,Europe,,Apropet SAS,Gonzalo Garcia,,,
Gernsbach,Germany,Europe,,Guamolsa,Juan Quintero,,,
Herzberg am Harz,Germany,Europe,,KERTAS PAP,VIPA GREECE,,,
Yangon,Burma,Europe,,Disoni,Łukasz Lutoborski,,,
Tilawa,Burma,Asia,,ReComSur N.V.,Nikolay Kudryashov,,,
Jacksonville,USA,Asia,,Weerec,Edward Berjoza,,,
Kalundborg,Denmark,USA,,Kartotec,Nikolay Kudryashov,,,
Krakow,Poland,Europe,,Ocean Bridge Polymers,Juan Quintero,,,
Zwolen,Poland,Europe,,Jersey,VIPA USA,,,
Grojec,Poland,Europe,,Smurfit Kappa CR,Gonzalo Garcia,,,
Wyszkow,Poland,Europe,,Haiti Recycling,Nikolay Kudryashov,,,
Seja,Latvia,Europe,,Ecofibras de Nicaragua,Juan Quintero,,,
Czerwonak,Poland,Europe,,Xuan Mai,VIPA GREECE,,,
Wschowa,Poland,Europe,,KUZMICHEVA,Ivan Dotsenko,,,
CZĘSTOCHOWA,Poland,Europe,,TYP,VIPA GREECE,,,
TRZEBIEŃCZYCE,Poland,Europe,,BULLEH,VIPA GREECE,,,
Rzeszow,Poland,Europe,,BIO PAPEL MEXICO,Gonzalo Garcia,,,
SOSNOWIEC,Poland,Europe,,EMPAQUES INDUSTRIALES COLOMBIA,Gonzalo Garcia,,,
Barszczowka,Poland,Europe,,Denise Transport Logistics,Juan Quintero,,,
Ostrava,Czech Republic,Europe,,SAIGON,VIPA GREECE,,,
Saint-Ghislain,Belgium,Europe,,MM Paper,VIPA GREECE,,,
Gullegem,Belgium,Europe,,Recipa,Juan Quintero,,,
Poznan,Poland,Europe,,UNITED PENNSYLVANIA,VIPA USA,,,
Vasteras,Sweden,Europe,,Copelme,Juan Quintero,,,
Kolkata,India,Europe,,CHINA NATIONAL CHEMICAL FIBER CORPORATION,VIPA GREECE,,,
Elimaki,Finland,Asia,,Ankustan,VIPA GREECE,,,
Jamsankoski,Finland,Europe,,Exprorep SA,Gonzalo Garcia,,,
Belchatow,Poland,Europe,,El Trebol,Juan Quintero,,,
Tomaszow Lubelski,Poland,Europe,,Reciclados Industriales S.A.,Gonzalo Garcia,,,
Bramki,Poland,Europe,,Recupac Chile,Gonzalo Garcia,,,
Terespol,Poland,Europe,,Carvajal Colombia,Gonzalo Garcia,,,
Schongau,Germany,Europe,,Chadha,VIPA INDIA,,,
Vaesteras,Sweden,Europe,,RADHESHYAM,VIPA INDIA,,,
Mayen,Germany,Europe,,Repapel Brazil,Walter Araujo,,,
Buenaventura,Colombia,Europe,,ECOFIBRAS S.A. DE C.V. (Smurfit Kappa SV),Juan Quintero,,,
Grigiskes,Lithuania,Latam,,Grupasa,Gonzalo Garcia,,,
Qingdao,China,Europe,,Emerald,VIPA USA,,,
Odense,Denmark,Asia,,Federal,VIPA USA,,,
Herning,Denmark,Europe,,Canaan Recycling,VIPA USA,,,
Horsens,Denmark,Europe,,Irish Pack,VIPA UK,,,
Esbjerg,Denmark,Europe,,Ricova,VIPA UK,,,
Mayen,Germany,Europe,,Butler,VIPA UK,,,
Mulheim,Germany,Europe,,Global Waste Commodities UK,VIPA UK,,,
Trzydnik Duży,Poland,Europe,,Edwards Recycling UK,VIPA UK,,,
Austell,USA,Europe,,AP-CONCEPT,VIPA SWITZERLAND,,,
UNDEFINED,UNDEFINED,USA,,Astrocarton Honduras,Juan Quintero,,,
N/A,N/A,Undefined,,"RECICLAJES, S.A. DE C.V. (Metalenvases)",Juan Quintero,,,
Ekaterinburg,Russia,,,EAST AFRICA,VIPA GREECE,,,
Madrid,Spain,Russia,,LEE-HSING,VIPA GREECE,,,
Bristol,UK,Europe,,ECUAPET,Gonzalo Garcia,,,
Brava,Czech Republic,Europe,,LATAM RECYCLING,Gonzalo Garcia,,,
Zimrovice,Czech Republic,Europe,,Wepa Nederland,VIPA ROTTERDAM,,,
Zeebrugge,Belgium,Europe,,Ekovilla,Karolis Pupinis,,,
Kamienec,Poland,Europe,,Schulte Trebsen,VIPA SWITZERLAND,,,
Uikala,Estonia,Europe,,WORLD FAIR,VIPA GREECE,,,
Miami,USA,Europe,,Federssen,VIPA SWITZERLAND,,,
Narva,Estonia,USA,,Rhenus Germany,VIPA SWITZERLAND,,,
Johvi,Estonia,Europe,,Angelius West,VIPA USA,,,
Baltimore,USA,Europe,,Green Plan,VIPA USA,,,
Trollhatan,Sweden,USA,,California,VIPA USA,,,
Alexandria,Egypt,Europe,,Resonance,VIPA INDIA,,,
Damietta,Egypt,Asia,,Essity Russia,Global Trading,,,
Mullhouse,France,Asia,,ЭПИК,Global Trading,,,
Dabrowa Gornice,Poland,Europe,,БФ Коммунар,Global Trading,,,
Peterborough,UK,Europe,,RVP,Global Trading,,,
Torun,Poland,Europe,,"ООО ""Крафт""",Global Trading,,,
Avonmouth,UK,Europe,,ИП Скворцов,Global Trading,,,
Vetlanda,Sweden,Europe,,Чистый Белый Край,Global Trading,,,
San Juan PR,Puerto Rico,Europe,,ИП Диленян,Global Trading,,,
Portbury,UK,Latam,,Железный Мир,Global Trading,,,
Bialystok,Poland,Europe,,Экопром Пенза,Global Trading,,,
Constanta,Romania,Europe,,Вторая Жизнь Материалов,Global Trading,,,
Altamira,Mexico,Europe,,AP-CONCEPT NL,Nikolay Kudryashov,,,
Piatra Neamt,Romania,Latam,,GEROY TRUD,Edward Berjoza,,,
Izmir,Turkey,Europe,,SIMKA KAGI,VIPA GREECE,,,
Arica,Chile,Europe,,RADHESHYAM,VIPA INDIA,,,
Mathi Canavese,Italy,Latam,,ELTEX REC,VIPA GREECE,,,
Vladivostok,Russia,Europe,,Binjusaria,VIPA INDIA,,,
Naberezhnye Chelny,Russia,Russia,,Tempo Global Resources,VIPA USA,,,
Kazan,Russia,Russia,,Classic Fibers International,VIPA USA,,,
Izhevsk,Russia,Russia,,Victor Recycling,VIPA USA,,,
Ufa,Russia,Russia,,Recology,VIPA USA,,,
Perm,Russia,Russia,,New Era Export and Logistics,VIPA USA,,,
Montcada,Spain,Russia,,Mid Valley Disposal,VIPA USA,,,
Kings Hills,UK,Europe,,South Bay,VIPA USA,,,
Radom,Poland,Europe,,Alpha USA,VIPA USA,,,
Illzach,France,Europe,,KLAUSSENBURG,VIPA GREECE,,,
Dnipro,Ukraine,Europe,,Metsa Tissue Poland,Karolis Pupinis,,,
Karczew,Poland,Europe,,REMATHOLDING,VIPA GREECE,,,
Kiev,Ukraine,Europe,,PAPELERA DEL SUR,Gonzalo Garcia,,,
Kaysersberg,France,Europe,,Metalking Ecuador,Gonzalo Garcia,,,
Staphorst,Holland,Europe,,Aqui Te Lo Compro,Christopher Hans,,,
Skaidiškės,Lithuania,Europe,,Essity SE,Karolis Pupinis,,,
Zarzecze,Poland,Europe,,LAMINATES,VIPA GREECE,,,
Kiev,Ukraine,Europe,,Poliplas Chile,Gonzalo Garcia,,,
Kehl,Germany,Europe,,Sonoco Colombia,Gonzalo Garcia,,,
Tyumen,Russia,Europe,,PACOS,VIPA GREECE,,,
Walddorfhäslach,Germany,Russia,,Schumacher,VIPA ROTTERDAM,,,
Rakvere,Estonia,Europe,,SC RDE HAR,VIPA GREECE,,,
Tammiku,Estonia,Europe,,Dismetales S.A.,Gonzalo Garcia,,,
Viljandi,Estonia,Europe,,SEM ECOPACK,VIPA USA,,,
Tartu,Estonia,Europe,,AMERICAN M,VIPA USA,,,
Parnu,Estonia,Europe,,MASLO,VIPA USA,,,
Daibe,Latvia,Europe,,CPR-Calgar,VIPA USA,,,
Kandava,Latvia,Europe,,RMR ATLANT,VIPA USA,,,
,France,Europe,,CANUSA,VIPA USA,,,
Izmir,Turkey,Europe,,RMR Richmond,VIPA USA,,,
Rapina,Estonia,Europe,,ALLAN CO,VIPA USA,,,
Morales,Guatemala,Europe,,PLASTICOS DEL PACIFICO,Gonzalo Garcia,,,
Panama,Panama,Latam,,Next Generation,Juan Quintero,,,
Monthiciari,Italy,Latam,,Nuno Hernandex MX,Christopher Hans,,,
Choloma,Honduras,Europe,,ERC,Edward Berjoza,,,
Morales,Guatemala,Latam,,Production,Ivan Dotsenko,,,
Balboa,Panama,Latam,,FABRYKA PA,Karolis Pupinis,,,
Rodman,Panama,Latam,,CONSTELLIUM METAL PROCUREMENT LLC,Chris Pineau,,,
Cristobal,Panama,Latam,,Austrian Recycling,Karolis Pupinis,,,
Puerto Quetzal,Guatemala,Latam,,BumBack,Global Trading,,,
Caldera,Costa Rica,Latam,,Smurfit BR,Walter Araujo,,,
Vung Tao,Vietnam,Latam,,M&C ECO PAPER,VIPA GREECE,,,
Chennai,India,Asia,,Solupaper Peru,Nikolay Kudryashov,,,
Point Lisas,Trinidad and Tobago,Asia,,CR&R INC,VIPA USA,,,
Okulovka,Russia,Latam,,MARBORG IND,VIPA USA,,,
Port of Spain,Trinidad and Tobago,Russia,,COMCON,VIPA USA,,,
Guatemala City,Guatemala,Asia,,N&V,VIPA USA,,,
Sula,Honduras,Latam,,Gyemant SRL,VIPA GREECE,,,
Borisov,Belarus,Latam,,JANPAS,Łukasz Lutoborski,,,
San Pedro Sula,Honduras,Europe,,TUAN TAI,VIPA GREECE,,,
Gergzdeliai,Lithuania,Latam,,Ecofibras Ponderosa,Christopher Hans,,,
Maliye Kolpany,Russia,Europe,,Alyansgroup,Sergey Logunov,,,
Purmerend,Holland,Russia,,ADAMI S/A,Walter Araujo,,,
Marijampole,Lithuania,Europe,,Kimberly Clark MX,Christopher Hans,,,
Gorzow Wielkopolski,Poland,Europe,,NEGEV ECOLOGY AGRICULTURAL COOPERATIVE SOCIETY LTD,VIPA GREECE,,,
Bytom,Poland,Europe,,KHOI NGYUEN,VIPA GREECE,,,
Trakai,Lithuania,Europe,,SCP AB,Karolis Pupinis,,,
Muscle Shoals,USA,Europe,,Langmuhl,VIPA SWITZERLAND,,,
Willemstad,Curacao,USA,,Novak Paper,Karolis Pupinis,,,
Tczew,Poland,Latam,,INDUSTRIA DE EMBALAGENS TOCANTINS LTDA,Walter Araujo,,,
Miekinia,Poland,Europe,,I&M PAPEIS E EMBALAGENS,Walter Araujo,,,
Daugavpils,Latvia,Europe,,PAXPORT IMPORTACAO,Walter Araujo,,,
Tunis City,Tunis,Europe,,PADMAVATI,VIPA INDIA,,,
Los Angeles,USA,Asia,,AVANGARD INNOVATIVE LP,VIPA USA,,,
Suwalki,Poland,USA,,Huhtamaki,VIPA ROTTERDAM,,,
Pardubice,Czech Republic,Europe,,JAEPEL PAPEIS,Walter Araujo,,,
Plock,Poland,Europe,,CAPITAL PA,VIPA USA,,,
Varel,Germany,Europe,,CANAAN REC,VIPA USA,,,
Pardubice,Czech Republic,Europe,,WPS,VIPA USA,,,
Schwedt,Germany,Europe,,LEE YANG PAPER,VIPA GREECE,,,
Alexandria,Egypt,Europe,,BIOPAPPEL SCRIBE,Christopher Hans,,,
Kiev,Ukraine,Asia,,Helmut,VIPA SWITZERLAND,,,
Oakland,USA,Europe,,SERVICIOS INTEGRALES,Christopher Hans,,,
GERGZDELIAI,Lithuania,USA,,GRUPO PAPER GREEN,Christopher Hans,,,
Dormagen,Germany,Europe,,PRODUCTORA DE PAPEL,Christopher Hans,,,
Wola Lask,Poland,Europe,,VINA KRAFT,VIPA GREECE,,,
Falun,Sweden,Europe,,DS Smith,VIPA UK,,,
Dobrush,Belarus,Europe,,CARTONIFICIO VALINHOS,Walter Araujo,,,
Lagos,Nigeria,Europe,,Selenga,Sergey Logunov,,,
Smolevichi,Belarus,Asia,,Incarpalm,VIPA GREECE,,,
Chashniki,Belarus,Europe,,NOVA Packaging,VIPA GREECE,,,
Prague,Czech Republic,Europe,,EL BADDAR,VIPA GREECE,,,
Trencin,Slovakia,Europe,,Giant,VIPA GREECE,,,
Bratislava,Slovakia,Europe,,VIRAJ PROFILES,VIPA INDIA,,,
Wohyn,Poland,Europe,,CANAAN REC,VIPA USA,,,
Tychy,Poland,Europe,,BESTWAY REC,VIPA USA,,,
Pezinok,Slovakia,Europe,,SANOVO GREENPAC,Walter Araujo,,,
Hlohovec,Slovakia,Europe,,SIA CLEAN R,Edward Berjoza,,,
Sebedrazie,Slovakia,Europe,,CLC Vietnam,VIPA GREECE,,,
Zvolen,Slovakia,Europe,,Diyan Papers,VIPA INDIA,,,
Kosice,Slovakia,Europe,,CONPEL CIA,Walter Araujo,,,
Santa Marta,Colombia,Europe,,CCH,VIPA GREECE,,,
Apapa,Nigeria,Latam,,Victory Far East,VIPA GREECE,,,
Alger,Algeria,Asia,,TRUPAL S.A.,VIPA GREECE,,,
Glostrup,Denmark,Asia,,Absormex,Christopher Hans,,,
Brondby,Denmark,Europe,,Seed Pack,Gonzalo Garcia,,,
Borlange,Sweden,Europe,,Grigeo LV,Karolis Pupinis,,,
Izmir,Turkey,Europe,,ELITE KRAFT,ELITE KRAFT,,,
Houston,USA,Europe,,CAPITAL PA,VIPA USA,,,
Norfolk,USA,USA,,VIPA USA,VIPA USA,,,
Slonim,Belarus,USA,,"SUMEC INTERNATIONAL TECHNOLOGY CO., LTD.",VIPA GREECE,,,
Long Beach,USA,Europe,,NEUHAUS,NEUHAUS,,,
Valencia,Spain,USA,,Stoelman Recycling,Stoelman Recycling,,,
Rio Haina,Dominican Republic,Europe,,JULIUS,VIPA GREECE,,,
Solec Kujawski,Poland,Latam,,WERROWOOL,Edward Berjoza,,,
Harcourt,Nigeria,Europe,,AMNIR,VIPA GREECE,,,
Boras,Sweden,Asia,,Eagle Trans,Ivan Dotsenko,,,
Acajutla,El Salvador,Europe,,4TH GENERA,Juan Quintero,,,
Puerto Barrios,Guatemala,Latam,,GLOBAL BUSINESS,Juan Quintero,,,
Posorja,Ecuador,Latam,,CHISINAU,Ivan Dotsenko,,,
Harmanec,Slovakia,Asia,,RECI-CARPLASTIC,Juan Quintero,,,
Czeladz,Poland,Europe,,EVR Krasnodar,Global Trading,,,
Starachowice,Poland,Europe,,"VINA KRAFT PAPER CO., LTD",VIPA GREECE,,,
Aelvdalen,Sweden,Europe,,VERONICA,Christopher Hans,,,
Zhitomir,Ukraine,Europe,,KHOI KGYUEN,VIPA GREECE,,,
Chelm,Poland,Europe,,RECIMETAL,Juan Quintero,,,
Kaysersberg,France,Europe,,SYNDICATE,VIPA SWITZERLAND,,,
Zambrow,Poland,Europe,,PAPELES Y METALES PANAMA,Juan Quintero,,,
Zhytomyr,Ukraine,Europe,,UNITED-PA,VIPA USA,,,
Trnava,Slovakia,Europe,,MacSistem,Global Trading,,,
Otley,UK,Europe,,UNIBOARD,VIPA GREECE,,,
Belfast,UK,Europe,,CHERKASSYVT,Ivan Dotsenko,,,
Roosendaal,Holland,Europe,,Kruschitz,VIPA GREECE,,,
Kingston,Jamaica,Europe,,Artgroopp (EKB),Global Trading,,,
Brno,Czech Republic,Latam,,Aktion plus,Global Trading,,,
Tonder,Denmark,Europe,,BIOCHEN,Gonzalo Garcia,,,
Pipavav,India,Europe,,MOLPASA,Gonzalo Garcia,,,
ICD Dadri,India,Asia,,INTERFISA,Juan Quintero,,,
Puerto Caldera,Costa Rica,Asia,,GREEN LOGIX,Juan Quintero,,,
Puerto Moin,Costa Rica,Latam,,ATLANTI METALES,Gonzalo Garcia,,,
Shklov,Belarus,Latam,,IMICAR,VIPA GREECE,,,
Corinto,Nicaragua,Europe,,Finplast,Ivan Dotsenko,,,
Tomakovka,Ukraine,Asia,,IMAC ALLOY,Chris Pineau,,,
Cochin,India,Europe,,Suga,Christopher Hans,,,
Ladna,Poland,Asia,,Papir-Mal,Ivan Dotsenko,,,
Grzybow,Poland,Europe,,SEPPA PRAHA S.R.O,Karolis Pupinis,,,
Glogow,Poland,Europe,,Centro Grafico SRL,VIPA GREECE,,,
Dolhobyczow,Poland,Europe,,Resurs,Global Trading,,,
Colon,Panama,Europe,,Ecovata,Global Trading,,,
Amel,Belgium,Latam,,none,none,,,
Daugavpils,Latvia,Europe,,,,,,
Sulekovo,Slovakia,Europe,,,,,,
Trencin,Slovakia,Europe,,,,,,
Hoya,Germany,Europe,,,,,,
Pionki,Poland,Europe,,,,,,
Santa Lucia,Guatemala,Europe,,,,,,
Helvetia,Hungary,Latam,,,,,,
Budapest,Hungary,Europe,,,,,,
Ulles,Hungary,Europe,,,,,,
Szolnok,Hungary,Europe,,,,,,
Swidnik,Poland,Europe,,,,,,
Nyíregyháza,Hungary,Europe,,,,,,
Banska Bystrica,Slovakia,Europe,,,,,,
Hobro,Denmark,Europe,,,,,,
Debrecen,Hungary,Europe,,,,,,
Pecs,Hungary,Europe,,,,,,
Prievidza,Slovakia,Europe,,,,,,
Edmonton,UK,Europe,,,,,,
Ipswich,UK,Europe,,,,,,
Crayford,UK,Europe,,,,,,
Zrodla,Poland,Europe,,,,,,
San Jose CR,Costa Rica,Europe,,,,,,
ICD Meerut,India,Latam,,,,,,
Rubezhnoye,Ukraine,Asia,,,,,,
Schwedt,Germany,Europe,,,,,,
Zohor,Slovakia,Europe,,,,,,
Kokeny,Hungary,Europe,,,,,,
Paramaribo,Suriname,Europe,,,,,,
Rodovre,Denmark,Latam,,,,,,
Vratimov,Czech Republic,Europe,,,,,,
LIPTOVSKY MIKULAS,Slovakia,Europe,,,,,,
Hengelo,Holland,Europe,,,,,,
Galanta,Slovakia,Europe,,,,,,
Acs,Hungary,Europe,,,,,,
Olomouc,Czech Republic,Europe,,,,,,
Mlawa,Poland,Europe,,,,,,
MORAVANY,Czech Republic,Europe,,,,,,
Ustí nad Orlicí,Czech Republic,Europe,,,,,,
Heredia,Costa Rica,Europe,,,,,,
Gyula,Hungary,Latam,,,,,,
Oranjestad,Aruba,Europe,,,,,,
Nove Zamky,Slovakia,Latam,,,,,,
Tema,Ghana,Europe,,,,,,
Kerava,Finland,Latam,,,,,,
Roadtown,BVI,Europe,,,,,,
Siemianowice Śląskie,Poland,Latam,,,,,,
Barcs,Hungary,Europe,,,,,,
Aliaga Nemport,Turkey,Europe,,,,,,
Malmo,Sweden,Europe,,,,,,
Sittingbourne,UK,Europe,,,,,,
Poninka,Ukraine,Europe,,,,,,
Swiebodzin,Poland,Europe,,,,,,
Oranjestad,Aruba,Europe,,,,,,
Izmail,Ukraine,Latam,,,,,,
Savanah,USA,Europe,,,,,,
Tbilisi,Georgia,USA,,,,,,
Batumi,Georgia,Europe,,,,,,
Poprad,Slovakia,Europe,,,,,,
Lutsk,Ukraine,Europe,,,,,,
Nowogród,Poland,Europe,,,,,,
Nurnberg,Germany,Europe,,,,,,
Kaysersberg,France,Europe,,,,,,
Lviv,Ukraine,Europe,,,,,,
Rejowiec,Poland,Europe,,,,,,
Guapiles,Costa Rica,Europe,,,,,,
Port-Au-Prince,Haiti,Latam,,,,,,
Managua,Nicaragua,Latam,,,,,,
Presov,Slovakia,Latam,,,,,,
Schrobenhausen,Germany,Europe,,,,,,
Charleston,USA,Europe,,,,,,
Boston,USA,USA,,,,,,
Port Everglades,USA,USA,,,,,,
Adana,Turkey,USA,,,,,,
Valmiera,Latvia,Europe,,,,,,
Trollhattan,Sweden,Europe,,,,,,
San Salvador,El Salvador,Europe,,,,,,
Lazaro Cardenas,Mexico,Latam,,,,,,
Gluckstadt,Germany,Latam,,,,,,
Lipetsk,Russia,Europe,,,,,,
Swalmen,Holland,Europe,,,,,,
Lappeenranta,Finland,Europe,,,,,,
Kempele,Finland,Europe,,,,,,
Ylivieska,Finland,Europe,,,,,,
Managua,Nicaragua,Europe,,,,,,
Trebsen,Germany,Latam,,,,,,
Tolyatti,Russia,Europe,,,,,,
Gatchina,Russia,Russia,,,,,,
Kayseri,Turkey,Russia,,,,,,
Dobrush,Belarus,Asia,,,,,,
Oradea,Romania,Europe,,,,,,
Russellville,USA,Europe,,,,,,
Bucharest,Romania,USA,,,,,,
Pustkow Zurawski,Poland,Europe,,,,,,
Krapkowice,Poland,Europe,,,,,,
Sovetsk,Russia,Europe,,,,,,
ZAPORIZHIA,Ukraine,Russia,,,,,,
LILLA EDET,Sweden,Europe,,,,,,
ICD Kashipur,India,Europe,,,,,,
Schwarzenberg,Germany,Asia,,,,,,
Bridgetown,Barbados,Europe,,,,,,
Podolsk,Russia,Asia,,,,,,
ODORHEIU,Romania,Russia,,,,,,
Glina,Romania,Europe,,,,,,
Valenii,Romania,Europe,,,,,,
Sambir,Ukraine,Europe,,,,,,
Newark,USA,Europe,,,,,,
Vancouver,Canada,USA,,,,,,
Colima,Mexico,USA,,,,,,
Rebala,Estonia,Latam,,,,,,
CHERKASSY,Ukraine,Europe,,,,,,
Malin,Ukraine,Europe,,,,,,
Wadowice,Poland,Europe,,,,,,
Prague,Czech Republic,Europe,,,,,,
Penza,Russia,Europe,,,,,,
CUGIR,Romania,Russia,,,,,,
ORANGEBURG,USA,Europe,,,,,,
Branford,USA,USA,,,,,,
Duluth,USA,USA,,,,,,
ZAMARSKI,Poland,USA,,,,,,
Guadalajara,Mexico,Europe,,,,,,
Vostochniy,Russia,Latam,,,,,,
Itajai,Brazil,Russia,,,,,,
Eger,Hungary,Latam,,,,,,
Miskolc,Hungary,Europe,,,,,,
Tatabanya,Hungary,Europe,,,,,,
Dukel,Czech Republic,Europe,,,,,,
Negev,Israil,Europe,,,,,,
Muehlau,Germany,Europe,,,,,,
Louny,Czech Republic,Europe,,,,,,
Tibro,Sweden,Europe,,,,,,
Leeds,UK,Europe,,,,,,
Navegantes,Brazil,Europe,,,,,,
Miercurea,Romania,Latam,,,,,,
Sokol,Russia,Europe,,,,,,
WALBRZYCH,Poland,Russia,,,,,,
Aschaffenburg,Germany,Europe,,,,,,
WADOWICE,Poland,Europe,,,,,,
Rio de Janeiro,Brazil,Europe,,,,,,
Tres Valles,Mexico,Latam,,,,,,
Martin,Slovakia,Latam,,,,,,
Monterrey,Mexico,Europe,,,,,,
Ciudad de Mexico,Mexico,Latam,,,,,,
Nowy Sacz,Poland,Latam,,,,,,
Chelm,Poland,Europe,,,,,,
Cluj,Romania,Europe,,,,,,
Manisa,Turkey,Europe,,,,,,
Suape,Brazil,Europe,,,,,,
Drobeta,Romania,Latam,,,,,,
Vorumaa,Estonia,Europe,,,,,,
CHISINAU,Moldova,Europe,,,,,,
ALEXANDRIA,Egypt,Europe,,,,,,
Volkermarkt,Austria,Africa,,,,,,
Segezha,Russia,Europe,,,,,,
Saarijarvi,Finland,Russia,,,,,,
Zhydachiv,Ukraine,Europe,,,,,,
Balti,Moldova,Europe,,,,,,
Dammam,Saudi Arabia,Europe,,,,,,
Melnik,Czech Republic,Asia,,,,,,
Causedo,Dominican Republic,Latam,,,,,,
Molodechno,Belarus,Europe,,,,,,
none,none,,,,,,,